{"_step":403,"Step Loss":0.35765892267227173,"Train Loss (Epoch Mean)":0.31903056748211384,"Val Loss (Epoch Mean)":0.3283102130889893,"_wandb":{"runtime":1543},"_runtime":1543,"Accum Loss":0.3476145416498184,"_timestamp":1.7575616274871652e+09}