{"Val Loss (Epoch Mean)":0.3238900838792324,"_wandb":{"runtime":2316},"_runtime":2316,"Accum Loss":0.34384483844041824,"_timestamp":1.757403978201501e+09,"_step":403,"Step Loss":0.34492072463035583,"Train Loss (Epoch Mean)":0.3183746948838234}