{"Accum Loss":0.33322176337242126,"_timestamp":1.757563273209485e+09,"Step Loss":0.28337669372558594,"Train Loss (Epoch Mean)":0.3558675394952297,"Val Loss (Epoch Mean)":0.36415170654654505,"_wandb":{"runtime":1587},"_runtime":1587,"_step":403}