{"Accum Loss":0.3485489934682846,"_timestamp":1.7575657722983668e+09,"Step Loss":0.3306583762168884,"Train Loss (Epoch Mean)":0.3291739448904991,"Val Loss (Epoch Mean)":0.31235080942511556,"_wandb":{"runtime":1479},"_runtime":1479,"_step":403}