{"_runtime":1718,"Accum Loss":0.5981404185295105,"_timestamp":1.7574104186677425e+09,"_step":403,"Step Loss":0.6076627373695374,"Train Loss (Epoch Mean)":0.7431483787298202,"Val Loss (Epoch Mean)":0.6579478332400321,"_wandb":{"runtime":1718}}