{"Val Loss (Epoch Mean)":0.37375749424099924,"_wandb":{"runtime":834},"_runtime":834,"_step":403,"Accum Loss":0.3321594372391701,"_timestamp":1.7573956863254452e+09,"Step Loss":0.2853202223777771,"Train Loss (Epoch Mean)":0.3553774891793728}