{"_timestamp":1.757386553041238e+09,"Step Loss":0.3473384380340576,"Train Loss (Epoch Mean)":0.31872277081012723,"Val Loss (Epoch Mean)":0.32781006664037704,"_wandb":{"runtime":2603},"_runtime":2603,"_step":403,"Accum Loss":0.34402352571487427}