{"_runtime":1464,"Accum Loss":0.353362612426281,"_timestamp":1.7575682914605227e+09,"_step":403,"Step Loss":0.3325222134590149,"Train Loss (Epoch Mean)":0.33011133059859277,"Val Loss (Epoch Mean)":0.317842393964529,"_wandb":{"runtime":1464}}